Timestamp,Area Name,How Badly your area is affected?,Type of your Residence,How badly you are personally affected,How was the Government's response
11/30/2015 22:06:01,Velachery,Bad,Apartment,Bad,Average
11/30/2015 22:27:28,Puzhithivakkam,Average,Individual House,Average,Pathetic
11/30/2015 22:36:19,"Mahalakshmi nagar, Chennai 73",Bad,Apartment,Bad,Pathetic
11/30/2015 22:38:09,Okkiyampet,Average,Apartment,Average,Average
11/30/2015 22:45:08,Thoraipakkam,Average,Apartment,Average,Pathetic
11/30/2015 22:53:34,T.Nagar,Not at All,Apartment,Average,Average
11/30/2015 23:00:03,Nolambur,Average,Individual House,Average,Pathetic
11/30/2015 23:07:48,Anna nagar west ( vasantham colony ),Average,Apartment,Bad,Pathetic
11/30/2015 23:10:45,"Pallikkaranai, Sai Balaji Nagar",Bad,Individual House,Bad,Pathetic
11/30/2015 23:15:24,karapakkam,Average,Apartment,Average,Pathetic
11/30/2015 23:29:31,Perumbakkam,Bad,Apartment,Bad,Pathetic
11/30/2015 23:47:28,Choolaimedu,Not at All,Apartment,Not al All,Good
12/1/2015 0:22:15,Kilpauk,Average,Apartment,Average,Pathetic
12/1/2015 0:29:26,Somewhere in delhi,Not at All,Apartment,Not al All,Pathetic
12/1/2015 0:39:02,Adyar,Not at All,Apartment,Average,Pathetic
12/1/2015 0:58:20,Besant Nagar,Not at All,Individual House,Not al All,Average
12/1/2015 1:35:48,Gummidipundi,Not at All,Individual House,Not al All,Good
12/1/2015 1:37:40,Ashok Nagar,Average,Individual House,Not al All,Good
12/1/2015 1:38:31,K.K. Nagar,Bad,Apartment,Bad,Average
12/1/2015 1:56:46,"Bhupathinagar, Sholinganallur",Bad,Apartment,Bad,Pathetic
12/1/2015 2:17:10,Kotturpuram ,Average,Individual House,Average,Average
12/1/2015 3:56:15,"Srinagar colony, little mount",Average,Apartment,Bad,Pathetic
12/1/2015 4:03:55,Rajakilpakkam,Average,Individual House,Not al All,Average
12/1/2015 5:22:22,Mogappair West,Average,Individual House,Not al All,Pathetic
12/1/2015 7:11:24,Thirumullaivoyal,Not at All,Individual House,Average,Average
12/1/2015 9:10:52,Medvakkam Jayachandran Nagar,Not at All,Individual House,Average,Pathetic
12/1/2015 10:17:49,Kattankulathur,Average,Apartment,Bad,Average
12/1/2015 10:20:09,"Gandhinagar, Adyar",Average,Apartment,Not al All,Average
12/1/2015 10:40:29,Saidapet,Bad,Apartment,Average,Pathetic
12/1/2015 11:13:14,Ayyappanthangal,Bad,Apartment,Average,Average
12/1/2015 11:21:01,Kottivakkam,Bad,Apartment,Bad,Pathetic
12/1/2015 12:14:15,Chrompet,Average,Apartment,Average,Pathetic
12/1/2015 12:24:26,Villivakkam,Bad,Individual House,Bad,Pathetic
12/1/2015 13:42:00,Triplicane,Average,Individual House,Bad,Average
12/1/2015 15:14:26,Choolaimedu,Average,Apartment,Average,Average
12/1/2015 17:07:52,Sowcarpet,Average,Apartment,Average,Pathetic
12/1/2015 17:08:56,"Madambakkam, Chennai ",Average,Apartment,Average,Pathetic
12/1/2015 17:09:35,VILLIVAKKAM ,Bad,Individual House,Bad,Pathetic
12/1/2015 17:09:58,Alwarpet,Average,Individual House,Average,Pathetic
12/1/2015 17:10:03,Kumanchavadi - poonamallee,Bad,Individual House,Bad,Pathetic
12/1/2015 17:10:57,Puzhuthivakkam,Average,Individual House,Average,Pathetic
12/1/2015 17:10:57,Puzhuthivakkam,Average,Individual House,Average,Pathetic
12/1/2015 17:11:34,Padi,Average,Individual House,Average,Average
12/1/2015 17:12:07,Mudichur,Bad,Apartment,Bad,Average
12/1/2015 17:12:34,Perambur,Average,Apartment,Not al All,Good
12/1/2015 17:13:04,Mylapore,Average,Individual House,Bad,Average
12/1/2015 17:13:38,Adambakkam,Average,Apartment,Not al All,Average
12/1/2015 17:13:50,perambur,Average,Individual House,Average,Average
12/1/2015 17:14:47,"thendral nagar,pattabiram,ch-72",Not at All,Individual House,Average,Pathetic
12/1/2015 17:14:50,krishna nagar,Bad,Individual House,Bad,Average
12/1/2015 17:15:06,Karapakam,Bad,Individual House,Bad,Pathetic
12/1/2015 17:15:33,Mylapore,Average,Individual House,Average,Average
12/1/2015 17:15:48,Periya panicherry,Average,Individual House,Average,Pathetic
12/1/2015 17:16:18,Mogappair East,Bad,Individual House,Bad,Average
12/1/2015 17:16:19,Madipakkam ram nagar,Bad,Apartment,Bad,Pathetic
12/1/2015 17:16:25,Pattabiram,Bad,Individual House,Bad,Pathetic
12/1/2015 17:16:27,KK NAGAR,Bad,Apartment,Bad,Average
12/1/2015 17:16:41,Pallikaranai,Average,Apartment,Average,Average
12/1/2015 17:16:52,Thiruvanmiyur - Thiruvalluvar Nagar,Not at All,Individual House,Not al All,Pathetic
12/1/2015 17:16:58,WEST MAMBALAM,Bad,Apartment,Average,Average
12/1/2015 17:17:04,adambakkam ,Average,Individual House,Not al All,Pathetic
12/1/2015 17:17:22,Ramalingapuram,Average,Individual House,Average,Average
12/1/2015 17:17:43,Medavakkam,Bad,Apartment,Average,Pathetic
12/1/2015 17:18:08,Adambakkam,Average,Individual House,Not al All,Good
12/1/2015 17:19:16,purasaiwalkam,Average,Apartment,Average,Pathetic
12/1/2015 17:19:24,perambur,Average,Individual House,Average,Pathetic
12/1/2015 17:19:35,West saidapet,Average,Individual House,Average,Pathetic
12/1/2015 17:19:42,Annanagar East,Bad,Apartment,Bad,Pathetic
12/1/2015 17:19:52,Choolaimedu,Average,Apartment,Bad,Pathetic
12/1/2015 17:19:53,"Padur, OMR",Average,Apartment,Average,Average
12/1/2015 17:20:01,villivakkam,Bad,Individual House,Bad,Pathetic
12/1/2015 17:21:04,Kolathur,Average,Apartment,Average,Average
12/1/2015 17:21:09,Porur ,Bad,Individual House,Not al All,Pathetic
12/1/2015 17:21:15,adyar,Bad,Individual House,Bad,Average
12/1/2015 17:21:36,jafferkhanpet,Bad,Individual House,Bad,Pathetic
12/1/2015 17:21:41,anna nagar west sboa school road,Bad,Apartment,Bad,Pathetic
12/1/2015 17:23:04,"Vaigai nagar,West tambaram",Bad,Individual House,Average,Average
12/1/2015 17:23:10,Triplicane ,Not at All,Individual House,Average,Average
12/1/2015 17:23:14,"Vaigai nagar,West tambaram",Bad,Individual House,Average,Average
12/1/2015 17:23:39,K K Nagar,Bad,Apartment,Bad,Pathetic
12/1/2015 17:24:00,Kodungaiyu,Average,Individual House,Average,Average
12/1/2015 17:24:39,"Mandaveli, trust pakkam south",Bad,Apartment,Bad,Pathetic
12/1/2015 17:24:43,ice house,Average,Individual House,Not al All,Average
12/1/2015 17:24:49,Padur,Average,Apartment,Not al All,Average
12/1/2015 17:25:31,velachery,Bad,Apartment,Bad,Pathetic
12/1/2015 17:25:50,erukkanchery,Not at All,Individual House,Not al All,Pathetic
12/1/2015 17:25:54,Nungambakkam,Not at All,Apartment,Not al All,Pathetic
12/1/2015 17:26:09,Mylapore ,Average,Apartment,Average,Average
12/1/2015 17:26:36,Guindy,Not at All,Apartment,Not al All,Pathetic
12/1/2015 17:26:37,"thirumal nagar, vinayagapuram, kolathur, chennai-600099",Bad,Individual House,Bad,Pathetic
12/1/2015 17:26:55,srinagar colony,Bad,Individual House,Average,Average
12/1/2015 17:27:01,satish tk,Average,Individual House,Average,Average
12/1/2015 17:27:03,Karayanchavadi,Bad,Apartment,Bad,Average
12/1/2015 17:27:06,Anna Nagar West,Bad,Apartment,Average,Pathetic
12/1/2015 17:27:47,Thiruvanmiyur,Average,Apartment,Not al All,Pathetic
12/1/2015 17:27:49,Selaiyur,Bad,Apartment,Average,Pathetic
12/1/2015 17:27:59,Pazhavanthangal,Average,Apartment,Average,Pathetic
12/1/2015 17:28:25,Pallikaranai,Bad,Individual House,Average,Average
12/1/2015 17:29:50,Anna Nagar West,Average,Apartment,Not al All,Pathetic
12/1/2015 17:29:54,Pallikaranai,Bad,Apartment,Bad,Pathetic
12/1/2015 17:29:54,mudichur,Bad,Individual House,Not al All,Average
12/1/2015 17:30:49,Saidapet,Average,Individual House,Not al All,Average
12/1/2015 17:31:05,Nanganallur,Bad,Individual House,Bad,Pathetic
12/1/2015 17:31:43,Guindy,Bad,Apartment,Not al All,Pathetic
12/1/2015 17:31:57,Nandanam CIT Nagar,Average,Individual House,Average,Average
12/1/2015 17:31:57,Thaiyur,Bad,Individual House,Bad,Pathetic
12/1/2015 17:32:48,Velachery,Bad,Apartment,Average,Pathetic
12/1/2015 17:33:06,velachery,Bad,Apartment,Bad,Pathetic
12/1/2015 17:33:20,Kodambakam,Average,Apartment,Average,Average
12/1/2015 17:35:50,"Anna Nagar, 18th main road",Bad,Individual House,Average,Average
12/1/2015 17:36:16,Royapuram ,Average,Individual House,Average,Pathetic
12/1/2015 17:36:17,"Valmiki Nagar, Thiruvanmyur ",Average,Apartment,Not al All,Average
12/1/2015 17:36:54,pozhichalur,Average,Individual House,Average,Pathetic
12/1/2015 17:36:54,alwarpet,Average,Individual House,Average,Pathetic
12/1/2015 17:38:14,Kanathur(mayajal),Average,Individual House,Average,Average
12/1/2015 17:39:50,West Mambalam,Average,Apartment,Average,Average
12/1/2015 17:39:56,okkiampet,Bad,Individual House,Bad,Pathetic
12/1/2015 17:40:39,ANNA NAGAR WEST,Average,Apartment,Average,Average
12/1/2015 17:40:47,Anna nagar,Bad,Apartment,Average,Average
12/1/2015 17:40:48,Jawahar Nagar,Bad,Apartment,Bad,Pathetic
12/1/2015 17:40:52,Porur,Bad,Apartment,Bad,Pathetic
12/1/2015 17:40:55,JANAPATH CHATRAM KUT ROAD,Average,Individual House,Not al All,Pathetic
12/1/2015 17:41:06,Mylapore,Bad,Apartment,Average,Pathetic
12/1/2015 17:41:14,"Bharat nagar ,Adambakkam",Bad,Individual House,Average,Average
12/1/2015 17:41:30,Kokathur,Bad,Individual House,Average,Pathetic
12/1/2015 17:41:34,Villupuram ,Bad,Individual House,Bad,Pathetic
12/1/2015 17:42:29,Madipakkam,Bad,Individual House,Bad,Pathetic
12/1/2015 17:42:36,Seneerkuppam,Bad,Individual House,Average,Pathetic
12/1/2015 17:42:53,Inner region of Standly and sevenwells,Average,Individual House,Average,Pathetic
12/1/2015 17:43:20,Saidapet ,Bad,Individual House,Average,Pathetic
12/1/2015 17:43:23,subham nagar,Bad,Individual House,Average,Average
12/1/2015 17:43:32,Chengpat,Bad,Individual House,Not al All,Pathetic
12/1/2015 17:43:43,Ayanavaram,Average,Individual House,Bad,Pathetic
12/1/2015 17:43:51,broadway ,Bad,Individual House,Average,Average
12/1/2015 17:43:52,Arumbakkam,Bad,Apartment,Average,Average
12/1/2015 17:43:52,"perambur, venus",Average,Individual House,Average,Average
12/1/2015 17:44:01,Arumbakkam ,Bad,Individual House,Bad,Pathetic
12/1/2015 17:44:04,T.Nagar,Bad,Individual House,Not al All,Average
12/1/2015 17:44:12,Choolaimedu,Average,Apartment,Not al All,Average
12/1/2015 17:44:23,East tambaram,Bad,Apartment,Not al All,Pathetic
12/1/2015 17:44:24,pahzlavanthangal,Bad,Individual House,Bad,Pathetic
12/1/2015 17:44:35,Nungambakkam ,Average,Apartment,Bad,Pathetic
12/1/2015 17:44:43,Saidapet,Bad,Apartment,Bad,Average
12/1/2015 17:44:50,Adyar,Average,Apartment,Not al All,Average
12/1/2015 17:44:58,"padi,ambattur IE",Not at All,Individual House,Not al All,Good
12/1/2015 17:45:00,Madipakkam,Bad,Individual House,Bad,Pathetic
12/1/2015 17:45:19,Donkey,Bad,Apartment,Bad,Pathetic
12/1/2015 17:45:34,Mannady,Average,Apartment,Average,Pathetic
12/1/2015 17:45:42,"ashok nagar, 18th avenue",Bad,Apartment,Bad,Pathetic
12/1/2015 17:45:43,"Nehru Nagar, Chrompet",Average,Apartment,Not al All,Average
12/1/2015 17:46:02,Ashok Nagar,Average,Apartment,Average,Pathetic
12/1/2015 17:46:08,Thillai ganga nagar,Bad,Apartment,Bad,Pathetic
12/1/2015 17:46:10,Selaiyur,Bad,Apartment,Bad,Pathetic
12/1/2015 17:46:48,velachey bypass,Bad,Apartment,Not al All,Average
12/1/2015 17:46:58,Annanagar west extension,Bad,Apartment,Bad,Pathetic
12/1/2015 17:46:59,Tambaram Varadharajapuram ,Bad,Individual House,Bad,Pathetic
12/1/2015 17:47:00,RV Nagar,Bad,Apartment,Bad,Pathetic
12/1/2015 17:47:02,Mylapore,Average,Apartment,Average,Pathetic
12/1/2015 17:47:14,pudupet,Bad,Apartment,Bad,Pathetic
12/1/2015 17:47:21,"Khurinji Nagar, Perungudi",Average,Individual House,Not al All,Average
12/1/2015 17:48:06,ponneri,Average,Individual House,Average,Pathetic
12/1/2015 17:48:08,puzhal,Bad,Individual House,Bad,Pathetic
12/1/2015 17:48:32,Thiruvanmiyur ,Average,Individual House,Average,Pathetic
12/1/2015 17:48:35,vandalur,Bad,Individual House,Bad,Pathetic
12/1/2015 17:48:37,Kodambakkam,Average,Individual House,Bad,Pathetic
12/1/2015 17:48:39,Kilpauk,Average,Apartment,Not al All,Good
12/1/2015 17:49:15,Selaiyur,Bad,Apartment,Bad,Pathetic
12/1/2015 17:49:18,Perumbakam,Bad,Apartment,Not al All,Average
12/1/2015 17:49:18,Tnagar ,Average,Apartment,Not al All,Good
12/1/2015 17:49:23,Tiruvanmiyur,Average,Apartment,Average,Pathetic
12/1/2015 17:49:28,Madipakkam ,Bad,Individual House,Average,Pathetic
12/1/2015 17:49:37,pallikaranai,Average,Individual House,Average,Average
12/1/2015 17:49:37,Sithalapakkam,Bad,Apartment,Average,Pathetic
12/1/2015 17:49:48,"Kumaran colony, vadapalani",Bad,Apartment,Not al All,Good
12/1/2015 17:50:08,kavaraipettai,Bad,Huts,Bad,Pathetic
12/1/2015 17:50:11,pudukkottai,Not at All,Huts,Not al All,Good
12/1/2015 17:50:12,"Periyar Nagar, Perambur",Average,Individual House,Average,Average
12/1/2015 17:50:16,Ambattur,Bad,Individual House,Average,Pathetic
12/1/2015 17:50:29,Sembakkam,Bad,Individual House,Average,Average
12/1/2015 17:50:31,Chennai one,Average,Apartment,Not al All,Good
12/1/2015 17:50:34,Velachery,Bad,Apartment,Average,Average
12/1/2015 17:50:34,Keelkattalai ,Average,Apartment,Average,Pathetic
12/1/2015 17:50:35,Adayar,Bad,Huts,Bad,Pathetic
12/1/2015 17:50:37,Selavayal,Bad,Individual House,Bad,Pathetic
12/1/2015 17:50:52,Choolaimedu ,Average,Huts,Average,Pathetic
12/1/2015 17:50:55,pondicherry,Average,Individual House,Average,Pathetic
12/1/2015 17:50:58,Uthukottai,Bad,Individual House,Bad,Average
12/1/2015 17:51:04,Jalldianpet,Bad,Individual House,Average,Average
12/1/2015 17:51:12,Velachery,Bad,Apartment,Average,Pathetic
12/1/2015 17:51:19,Coimbatore ,Not at All,Individual House,Not al All,Average
12/1/2015 17:51:29,Santhosapuram,Average,Individual House,Average,Pathetic
12/1/2015 17:51:31,choolaimedu,Average,Apartment,Not al All,Pathetic
12/1/2015 17:51:33,Alandur,Average,Apartment,Average,Pathetic
12/1/2015 17:51:40,Tnagar,Bad,Apartment,Bad,Average
12/1/2015 17:51:52,"kalathumettu street, chengalpattu",Average,Individual House,Average,Pathetic
12/1/2015 17:51:54,Venkatesh,Bad,Apartment,Average,Average
12/1/2015 17:51:55,Mandaveli,Bad,Individual House,Bad,Average
12/1/2015 17:52:06,"Bricklin Road, Purusawakkam",Bad,Apartment,Bad,Average
12/1/2015 17:52:28,Dhasaradhapuram VOC Street,Bad,Apartment,Average,Pathetic
12/1/2015 17:52:29,Anna Nagar East,Average,Individual House,Not al All,Average
12/1/2015 17:52:33,"Bricklin Road, Purusawakkam ",Bad,Apartment,Bad,Pathetic
12/1/2015 17:52:38,East Tambaram,Bad,Individual House,Bad,Pathetic
12/1/2015 17:52:41,kavarapateii,Bad,Huts,Bad,Pathetic
12/1/2015 17:52:43,Adambakkam,Bad,Individual House,Average,Pathetic
12/1/2015 17:52:45,besent nagar ,Bad,Individual House,Bad,Good
12/1/2015 17:53:46,Injambakkam,Bad,Individual House,Bad,Pathetic
12/1/2015 17:53:57,Nepiar Bridge,Average,Apartment,Average,Average
12/1/2015 17:54:04,Kolathur,Average,Individual House,Average,Pathetic
12/1/2015 17:54:07,annanagar west ,Average,Apartment,Average,Good
12/1/2015 17:54:08,kavaripetai,Bad,Individual House,Average,Average
12/1/2015 17:54:11,Ayanavaram,Average,Individual House,Average,Good
12/1/2015 17:54:30,No.5 patchiyappan colony second cr.st zamin pallavaram.,Bad,Individual House,Bad,Pathetic
12/1/2015 17:54:37,Ambattur,Average,Apartment,Average,Pathetic
12/1/2015 17:54:41,Padur,Bad,Apartment,Not al All,Pathetic
12/1/2015 17:55:21,Thiruvanmiyur,Average,Apartment,Average,Average
12/1/2015 17:55:40,Vellacherry,Bad,Individual House,Bad,Average
12/1/2015 17:55:43,Kilpauk Garden Colony,Average,Apartment,Not al All,Pathetic
12/1/2015 17:56:12,Vadapalani,Average,Apartment,Not al All,Average
12/1/2015 17:56:25,kolathur,Average,Apartment,Not al All,Average
12/1/2015 17:56:34,chengalpattu,Bad,Individual House,Average,Average
12/1/2015 17:56:49,K.K.NAGAR,Bad,Apartment,Average,Pathetic
12/1/2015 17:57:08,Valasaravakkam ,Average,Individual House,Bad,Pathetic
12/1/2015 17:57:13,kolathur,Average,Apartment,Not al All,Average
12/1/2015 17:57:34,West mambalam,Bad,Apartment,Bad,Pathetic
12/1/2015 17:57:38,Anna Nagar ,Bad,Individual House,Bad,Pathetic
12/1/2015 17:57:47,TEYNAMPET,Average,Apartment,Not al All,Good
12/1/2015 17:57:51,Janapathchatram kut road,Bad,Individual House,Bad,Pathetic
12/1/2015 17:58:13,Triplicane,Average,Individual House,Average,Average
12/1/2015 17:58:28,Choolaimedu ,Average,Apartment,Average,Pathetic
12/1/2015 17:58:41,Madipakkam,Bad,Apartment,Bad,Pathetic
12/1/2015 17:59:00,T.Nagar,Average,Apartment,Average,Average
12/1/2015 17:59:02,Madavakka,Bad,Apartment,Bad,Pathetic
12/1/2015 17:59:09,Anna Nagar,Average,Individual House,Average,Pathetic
12/1/2015 17:59:09,porur lakshmi nagar,Bad,Individual House,Bad,Pathetic
12/1/2015 17:59:26,Kumaaran theater ,Bad,Apartment,Bad,Pathetic
12/1/2015 17:59:39,Chennai,Not at All,Apartment,Average,Pathetic
12/1/2015 18:00:50,moolakadai,Average,Individual House,Average,Pathetic
12/1/2015 18:00:57,Ernavoor North Chennai,Not at All,Individual House,Not al All,Pathetic
12/1/2015 18:00:59,Anna nagar (tower park side),Average,Individual House,Bad,Average
12/1/2015 18:01:09,mogappair east,Bad,Individual House,Average,Average
12/1/2015 18:01:51,Rostrevor Garden,Not at All,Apartment,Not al All,Average
12/1/2015 18:01:51,perambur,Bad,Apartment,Bad,Pathetic
12/1/2015 18:01:53,Anna nagar east,Average,Individual House,Average,Average
12/1/2015 18:01:58,Thiruvanmiyur,Average,Apartment,Bad,Average
12/1/2015 18:02:14,nungambakkam,Average,Apartment,Bad,Pathetic
12/1/2015 18:02:27,Old Washermenper,Average,Individual House,Average,Average
12/1/2015 18:02:41,nanganallur,Bad,Apartment,Average,Pathetic
12/1/2015 18:03:04,K.K. Nagar,Bad,Individual House,Bad,Average
12/1/2015 18:03:15,R.S.M. nagar,Bad,Individual House,Average,Pathetic
12/1/2015 18:03:21,villivakkam ,Bad,Apartment,Bad,Average
12/1/2015 18:03:28,Saligramam,Bad,Apartment,Bad,Pathetic
12/1/2015 18:03:36,Gudvancherry,Bad,Apartment,Average,Average
12/1/2015 18:04:06,Thirumangalam,Bad,Apartment,Bad,Pathetic
12/1/2015 18:04:28,Perumbakkam to sholinganallore and OMR,Bad,Individual House,Average,Good
12/1/2015 18:04:29,kelambakkam,Average,Apartment,Bad,Pathetic
12/1/2015 18:04:35,Perumbakkam to sholinganallore and OMR,Bad,Individual House,Average,Good
12/1/2015 18:04:40,Old washermanpet ,Average,Apartment,Not al All,Average
12/1/2015 18:05:07,adambakkam ,Bad,Apartment,Average,Pathetic
12/1/2015 18:05:27,THAMBARAM,Bad,Individual House,Bad,Pathetic
12/1/2015 18:06:28,Choolai,Average,Apartment,Not al All,Pathetic
12/1/2015 18:06:39,Virugumbakkam,Average,Apartment,Average,Pathetic
12/1/2015 18:06:41,Divya,Not at All,Individual House,Average,Average
12/1/2015 18:07:13,Ashok nagar,Average,Individual House,Average,Average
12/1/2015 18:07:16,Medavakkam,Bad,Individual House,Average,Average
12/1/2015 18:07:52,Alwarthirunagar,Average,Individual House,Average,Pathetic
12/1/2015 18:08:00,kodungaiyur,Not at All,Individual House,Not al All,Good
12/1/2015 18:08:16,Keelkattalai,Bad,Apartment,Average,Average
12/1/2015 18:08:19,Selaiyur ,Bad,Individual House,Average,Pathetic
12/1/2015 18:09:17,alwarthiru nagar,Bad,Individual House,Bad,Pathetic
12/1/2015 18:09:24,Avadi,Bad,Individual House,Average,Pathetic
12/1/2015 18:09:44,SOWCARPET,Bad,Individual House,Average,Average
12/1/2015 18:10:17,pallavaram,Bad,Apartment,Bad,Pathetic
12/1/2015 18:10:54,Pattabiram,Bad,Individual House,Average,Average
12/1/2015 18:10:57,tambaram,Bad,Individual House,Bad,Pathetic
12/1/2015 18:10:59,tambaram,Bad,Individual House,Bad,Pathetic
12/1/2015 18:11:21,T nagar,Bad,Individual House,Bad,Average
12/1/2015 18:11:31,Anna nagar,Average,Individual House,Average,Good
12/1/2015 18:12:03,Sembakkam,Average,Apartment,Average,Pathetic
12/1/2015 18:12:52,Permabur ,Bad,Individual House,Bad,Pathetic
12/1/2015 18:13:30,Anna Nagar Y Block Main Road ,Not at All,Apartment,Not al All,Good
12/1/2015 18:13:54,Ambattur,Average,Apartment,Average,Pathetic
12/1/2015 18:14:06,shollinganallur,Bad,Apartment,Bad,Pathetic
12/1/2015 18:14:14,Thiruneermalai ,Bad,Individual House,Bad,Pathetic
12/1/2015 18:14:17,Royapuram,Bad,Apartment,Bad,Pathetic
12/1/2015 18:15:19,thoraipakkam,Bad,Apartment,Average,Average
12/1/2015 18:15:22,Teynampet,Average,Apartment,Bad,Pathetic
12/1/2015 18:15:28,Teynampet,Average,Apartment,Bad,Pathetic
12/1/2015 18:15:30,Singapermal Koil,Bad,Apartment,Bad,Pathetic
12/1/2015 18:15:30,Singapermal Koil,Bad,Apartment,Bad,Pathetic
12/1/2015 18:15:41,teynampet,Average,Individual House,Not al All,Pathetic
12/1/2015 18:16:45,Thiruvottiyur,Average,Individual House,Not al All,Average
12/1/2015 18:17:04,PERAMBUR,Average,Apartment,Average,Good
12/1/2015 18:17:13,Annanagar,Average,Individual House,Not al All,Average
12/1/2015 18:17:40,Porur,Bad,Individual House,Average,Pathetic
12/1/2015 18:18:19,west mambalam,Bad,Apartment,Bad,Pathetic
12/1/2015 18:18:24,Ashok nagar,Average,Apartment,Average,Pathetic
12/1/2015 18:18:29,Kilpauk ,Average,Individual House,Average,Average
12/1/2015 18:18:49,Madipakkam,Bad,Apartment,Average,Pathetic
12/1/2015 18:20:27,Vellachery,Bad,Apartment,Bad,Pathetic
12/1/2015 18:20:56,annanagar,Bad,Individual House,Bad,Pathetic
12/1/2015 18:20:56,Choolaimedu,Not at All,Apartment,Not al All,Average
12/1/2015 18:21:09,Ayanavaram,Average,Individual House,Not al All,Average
12/1/2015 18:21:28,Semmanchery,Bad,Huts,Bad,Pathetic
12/1/2015 18:21:31,Periamet,Average,Individual House,Average,Average
12/1/2015 18:21:32,Shollinganallur,Bad,Apartment,Average,Pathetic
12/1/2015 18:21:55,Semmacherry,Bad,Huts,Bad,Pathetic
12/1/2015 18:22:16,Velachery,Bad,Apartment,Average,Pathetic
12/1/2015 18:22:25,Mudichur,Bad,Individual House,Bad,Pathetic
12/1/2015 18:22:34,East tambaram,Bad,Apartment,Bad,Pathetic
12/1/2015 18:22:55,Ashoak nagar,Average,Apartment,Not al All,Pathetic
12/1/2015 18:23:03,KILPAUK,Average,Apartment,Average,Pathetic
12/1/2015 18:23:18,Kundrathur,Average,Individual House,Average,Pathetic
12/1/2015 18:23:21,Anna Nagar east,Average,Apartment,Not al All,Pathetic
12/1/2015 18:23:35,Chetpet,Not at All,Individual House,Not al All,Average
12/1/2015 18:23:39,chennai,Bad,Individual House,Bad,Average
12/1/2015 18:23:48,"Panayur, ECR",Bad,Individual House,Bad,Pathetic
12/1/2015 18:23:53,MIT nagar Kumarapuram chromepet,Average,Apartment,Average,Average
12/1/2015 18:24:10,Besant Nagar,Average,Apartment,Average,Average
12/1/2015 18:27:14,Valasaravakkam ,Bad,Individual House,Bad,Average
12/1/2015 18:29:00,Perungudi,Average,Individual House,Not al All,Average
12/1/2015 18:29:21,Adyar ,Average,Apartment,Average,Pathetic
12/1/2015 18:29:24,Tondiarpet,Average,Individual House,Bad,Pathetic
12/1/2015 18:29:41,kilpauk,Average,Apartment,Average,Average
12/1/2015 18:29:53,"Thirumangalam Road, Villivakkam",Average,Apartment,Average,Pathetic
12/1/2015 18:29:55,Broadway,Bad,Individual House,Bad,Pathetic
12/1/2015 18:30:03,Valasaravakkam ,Bad,Individual House,Average,Pathetic
12/1/2015 18:31:08,Anna nagar west extension ,Average,Apartment,Average,Good
12/1/2015 18:31:15,Padiyanallur,Bad,Huts,Average,Pathetic
12/1/2015 18:32:27,"Mudichur, Madhanapuram.",Bad,Individual House,Bad,Average
12/1/2015 18:32:56,Pondicherry,Average,Individual House,Average,Good
12/1/2015 18:33:02,Adambakkam,Average,Apartment,Not al All,Good
12/1/2015 18:33:08,Villivakkam ,Bad,Individual House,Bad,Pathetic
12/1/2015 18:33:10,18th Main Road,Bad,Apartment,Bad,Average
12/1/2015 18:33:14,Jafferkhanpet ,Average,Individual House,Average,Pathetic
12/1/2015 18:33:59,choolaimedu,Average,Individual House,Average,Average
12/1/2015 18:35:40,ALWARPET,Average,Apartment,Not al All,Good
12/1/2015 18:35:47,R.sudharshun ,Average,Apartment,Average,Pathetic
12/1/2015 18:36:37,velachery,Bad,Individual House,Bad,Average
12/1/2015 18:37:11,"Kamaraj nagar, Thiruvanmiyur",Average,Apartment,Not al All,Pathetic
12/1/2015 18:37:33,"Annanagar West, 18th main road",Bad,Individual House,Average,Average
12/1/2015 18:37:36,Saidapet,Average,Individual House,Not al All,Pathetic
12/1/2015 18:38:16,Thillai Ganga Nagar,Bad,Individual House,Average,Pathetic
12/1/2015 18:38:50,Mannady,Average,Apartment,Average,Pathetic
12/1/2015 18:39:22,Anna nagar,Average,Apartment,Average,Average
12/1/2015 18:40:30,Ashok Nagar,Bad,Apartment,Bad,Pathetic
12/1/2015 18:41:33,Nungabakkam,Average,Individual House,Bad,Pathetic
12/1/2015 18:41:49,velapanchavadi,Average,Apartment,Bad,Pathetic
12/1/2015 18:42:41,Anna Nagar,Average,Individual House,Not al All,Pathetic
12/1/2015 18:42:41,Kodambakkam ,Average,Individual House,Average,Pathetic
12/1/2015 18:42:46,Chinmaya nagar,Average,Individual House,Average,Pathetic
12/1/2015 18:42:57,Anna nagar,Bad,Apartment,Average,Pathetic
12/1/2015 18:44:00,"Nesapakkam, west kk nagar.",Average,Individual House,Average,Average
12/1/2015 18:44:15,nungabakkam,Not at All,Apartment,Not al All,Good
12/1/2015 18:47:02,Tondiarpet,Bad,Individual House,Bad,Good
12/1/2015 18:47:16,nungambakkam,Bad,Apartment,Average,Pathetic
12/1/2015 18:47:19,vettuvankeni,Bad,Individual House,Bad,Pathetic
12/1/2015 18:48:01,Tnagar ,Bad,Individual House,Bad,Pathetic
12/1/2015 18:48:04,Velachery,Bad,Apartment,Bad,Pathetic
12/1/2015 18:48:24,Saligramam,Bad,Apartment,Bad,Pathetic
12/1/2015 18:48:25,Saligramam,Bad,Apartment,Bad,Pathetic
12/1/2015 18:48:26,"BHEL, Ranipet",Average,Apartment,Not al All,Good
12/1/2015 18:48:37,AnnaNagar,Average,Individual House,Average,Average
12/1/2015 18:48:50,"Murugu nagar extension velachery, jains apartments",Bad,Apartment,Bad,Pathetic
12/1/2015 18:50:59,Ashok Nagar ,Average,Apartment,Average,Pathetic
12/1/2015 18:51:47,"MMDA, Arumbakkam",Bad,Individual House,Bad,Pathetic
12/1/2015 18:52:25,mogappair,Not at All,Individual House,Bad,Pathetic
12/1/2015 18:52:51,fuck you,Bad,Huts,Bad,Pathetic
12/1/2015 18:53:39,Ayanavaram,Bad,Individual House,Average,Average
12/1/2015 18:53:49,Sembakkam - Durga Colony,Not at All,Apartment,Not al All,Average
12/1/2015 18:55:13,royapettah,Average,Apartment,Average,Pathetic
12/1/2015 18:55:15,poonamallee,Bad,Individual House,Bad,Pathetic
12/1/2015 18:56:38,Vincent jos,Bad,Individual House,Bad,Pathetic
12/1/2015 18:57:40,Choolaimedu,Bad,Apartment,Bad,Pathetic
12/1/2015 18:58:33,Anna nagar ,Average,Apartment,Average,Average
12/1/2015 19:00:06,old washermenpet,Not at All,Individual House,Not al All,Pathetic
12/1/2015 19:01:17,Tiruvottiyur,Average,Individual House,Bad,Pathetic
12/1/2015 19:01:58,gandhinagar,Not at All,Apartment,Average,Pathetic
12/1/2015 19:02:16,Kodambakkam,Average,Apartment,Bad,Average
12/1/2015 19:03:04,Kotturpuram,Bad,Apartment,Bad,Average
12/1/2015 19:03:41,Mugaliwakkam ,Bad,Individual House,Bad,Pathetic
12/1/2015 19:03:53,East chromepet,Average,Individual House,Not al All,Pathetic
12/1/2015 19:03:54,Mogappair ,Average,Individual House,Not al All,Good
12/1/2015 19:04:26,East chromepet,Average,Individual House,Not al All,Pathetic
12/1/2015 19:05:09,West chromepet,Bad,Individual House,Bad,Pathetic
12/1/2015 19:05:10,West chromepet,Bad,Individual House,Bad,Pathetic
12/1/2015 19:05:35,Thiruvottiyur,Bad,Individual House,Bad,Pathetic
12/1/2015 19:05:45,Triplicane,Average,Apartment,Not al All,Pathetic
12/1/2015 19:07:28,"Hasthinapuram,Chrompet",Bad,Individual House,Bad,Pathetic
12/1/2015 19:09:21,Villivakkam,Average,Individual House,Average,Pathetic
12/1/2015 19:09:42,Aiswariya Nagar Mel ayambakkam,Average,Individual House,Not al All,Average
12/1/2015 19:09:47,west mogappair,Bad,Individual House,Not al All,Pathetic
12/1/2015 19:09:51,Anna Nagar west ,Average,Individual House,Average,Pathetic
12/1/2015 19:12:04,Virugambakkam,Bad,Apartment,Bad,Pathetic
12/1/2015 19:12:19,Thiruvottiyur,Average,Individual House,Average,Average
12/1/2015 19:13:03,adyar,Average,Individual House,Average,Pathetic
12/1/2015 19:13:28,MYLAPORE ,Average,Individual House,Not al All,Pathetic
12/1/2015 19:14:24,tamabaram,Not at All,Huts,Not al All,Average
12/1/2015 19:14:52,Virugambakkam,Average,Apartment,Not al All,Average
12/1/2015 19:17:40,Nolambur,Bad,Apartment,Bad,Average
12/1/2015 19:20:00,cuddalore,Average,Apartment,Average,Average
12/1/2015 19:21:31,Kodambakkam,Bad,Individual House,Average,Pathetic
12/1/2015 19:23:26,Chrompet ,Average,Apartment,Bad,Average
12/1/2015 19:23:30,Mogapper Eri Scheme,Not at All,Apartment,Not al All,Average
12/1/2015 19:23:32,Mylapore,Bad,Individual House,Bad,Average
12/1/2015 19:23:43,Royapettah,Average,Individual House,Average,Average
12/1/2015 19:24:01,Triplicane ,Not at All,Individual House,Not al All,Average
12/1/2015 19:25:07,peramboor,Bad,Individual House,Bad,Pathetic
12/1/2015 19:26:15,Surapet,Not at All,Apartment,Not al All,Average
12/1/2015 19:26:15,Chengalpattu,Bad,Individual House,Average,Average
12/1/2015 19:26:25,Nanganallur,Average,Apartment,Not al All,Average
12/1/2015 19:26:55,K k nagar,Average,Apartment,Average,Average
12/1/2015 19:27:16,Pallavaram,Bad,Apartment,Average,Pathetic
12/1/2015 19:27:22,adambakkam,Bad,Individual House,Bad,Pathetic
12/1/2015 19:28:20,Padur,Average,Apartment,Not al All,Average
12/1/2015 19:28:43,mugalivakkam,Average,Individual House,Bad,Pathetic
12/1/2015 19:29:15,Vadapalani,Bad,Apartment,Average,Pathetic
12/1/2015 19:32:20,anna nagar,Average,Apartment,Average,Good
12/1/2015 19:33:40,Mint,Average,Individual House,Not al All,Average
12/1/2015 19:33:55,Saidapet,Average,Individual House,Average,Good
12/1/2015 19:35:26,Mandaveli,Average,Individual House,Not al All,Average
12/1/2015 19:36:24,pallikaranai ,Bad,Apartment,Average,Pathetic
12/1/2015 19:36:43,choolaimedu,Bad,Individual House,Bad,Pathetic
12/1/2015 19:37:51,"Kosapet, otteri",Bad,Individual House,Average,Pathetic
12/1/2015 19:39:31,kolathur,Average,Apartment,Bad,Pathetic
12/1/2015 19:40:13,Chengalpat,Bad,Individual House,Average,Good
12/1/2015 19:40:49,villivakkam,Bad,Individual House,Average,Average
12/1/2015 19:41:38,Medavakkam,Average,Individual House,Average,Average
12/1/2015 19:41:40,Medavakkam,Average,Individual House,Average,Average
12/1/2015 19:42:01,saithapettai,Bad,Individual House,Bad,Pathetic
12/1/2015 19:42:41,guindy,Bad,Individual House,Bad,Pathetic
12/1/2015 19:43:34,Triplicane,Not at All,Apartment,Not al All,Average
12/1/2015 19:43:40,Mahakavi Bharathi Nagar,Bad,Individual House,Bad,Pathetic
12/1/2015 19:43:52,Thirumangalam,Bad,Individual House,Bad,Pathetic
12/1/2015 19:45:11,royepettah,Average,Apartment,Bad,Pathetic
12/1/2015 19:46:00,Medavakkam,Bad,Apartment,Bad,Pathetic
12/1/2015 19:46:33,Mugalivakkam,Bad,Individual House,Bad,Pathetic
12/1/2015 19:46:44,Madipakkam,Bad,Individual House,Bad,Pathetic
12/1/2015 19:47:24,nolumbur union road,Bad,Apartment,Average,Pathetic
12/1/2015 19:49:13,Alandur- south raja strt,Bad,Apartment,Bad,Average
12/1/2015 19:50:15,Aminjikarai ,Average,Individual House,Not al All,Average
12/1/2015 19:51:49,Adambakkam,Bad,Apartment,Bad,Pathetic
12/1/2015 19:52:30,mudichur,Bad,Apartment,Bad,Average
12/1/2015 19:58:55,natesa nagar,Average,Individual House,Not al All,Pathetic
12/1/2015 19:59:37,"Madipakkam, Kumaran Theatre",Average,Apartment,Average,Average
12/1/2015 20:00:34,Choolaimedu ,Not at All,Individual House,Not al All,Pathetic
12/1/2015 20:00:39,Kolathur,Bad,Individual House,Bad,Pathetic
12/1/2015 20:02:00,T. Nagar,Average,Apartment,Average,Pathetic
12/1/2015 20:04:39,Uthukottai,Bad,Individual House,Bad,Pathetic
12/1/2015 20:08:11,mylapore,Average,Apartment,Average,Pathetic
12/1/2015 20:09:36,Chitlapakkam,Average,Individual House,Average,Average
12/1/2015 20:09:45,Shencottai,Not at All,Individual House,Not al All,Pathetic
12/1/2015 20:10:01,avadi housing board,Bad,Individual House,Average,Pathetic
12/1/2015 20:10:02,Kottivakkam ,Bad,Huts,Average,Pathetic
12/1/2015 20:10:49,Broadway,Average,Apartment,Average,Pathetic
12/1/2015 20:11:58,West Mambalam,Bad,Individual House,Average,Pathetic
12/1/2015 20:15:00,Nanganallur,Bad,Apartment,Average,Pathetic
12/1/2015 20:17:25,porur,Average,Individual House,Average,Pathetic
12/1/2015 20:20:35,"Thirumangalam, Anna Nagar",Bad,Apartment,Bad,Pathetic
12/1/2015 20:20:48,"Thirumangalam, Anna Nagar",Bad,Apartment,Bad,Pathetic
12/1/2015 20:21:59,Kolathur,Average,Individual House,Average,Pathetic
12/1/2015 20:22:47,Mylapore,Average,Apartment,Average,Pathetic
12/1/2015 20:24:51,"Santhosh nagar extn,madanandapuram,porur,chennai ",Bad,Individual House,Bad,Average
12/1/2015 20:25:18,annanagar,Not at All,Individual House,Not al All,Average
12/1/2015 20:29:16,Tambaram ,Bad,Individual House,Average,Average
12/1/2015 20:29:55,Madipakkam,Bad,Individual House,Bad,Pathetic
12/1/2015 20:30:50,Adyar ,Average,Individual House,Average,Pathetic
12/1/2015 20:31:31,St. Josephs Institute of technology,Bad,Apartment,Bad,Pathetic
12/1/2015 20:34:34,Mylapore,Average,Individual House,Average,Pathetic
12/1/2015 20:34:53,Mylapore,Average,Individual House,Average,Pathetic
12/1/2015 20:35:39,anna nagar,Average,Individual House,Average,Good
12/1/2015 20:36:09,"Senthil Nagar, Thirumullaivoyal",Bad,Individual House,Bad,Pathetic
12/1/2015 20:38:44,Vadapalani,Average,Individual House,Average,Pathetic
12/1/2015 20:40:28,royapuram,Not at All,Apartment,Not al All,Average
12/1/2015 20:44:01,anna nagar ,Average,Apartment,Average,Pathetic
12/1/2015 20:44:11,anna nagar ,Average,Apartment,Average,Pathetic
12/1/2015 20:44:32,Praveen,Bad,Individual House,Average,Good
12/1/2015 20:45:01,Kilpauk,Not at All,Individual House,Not al All,Pathetic
12/1/2015 20:45:11,mogappair,Bad,Apartment,Average,Average
12/1/2015 20:58:36,NANDAMBAKKAM,Average,Individual House,Average,Average
12/1/2015 20:58:46,NANDAMBAKKAM,Average,Individual House,Average,Average
12/1/2015 20:58:48,Mogappair,Average,Individual House,Average,Average
12/1/2015 20:58:52,Chinmaya Nagar ,Average,Individual House,Bad,Pathetic
12/1/2015 20:59:37,Thiruvanmiyur ,Bad,Apartment,Bad,Pathetic
12/1/2015 21:00:09,Annamala,Bad,Individual House,Bad,Pathetic
12/1/2015 21:01:37,seven wells,Not at All,Apartment,Average,Average
12/1/2015 21:02:08,Besant Nagar,Average,Apartment,Average,Average
12/1/2015 21:04:29,Gopalapuram,Average,Apartment,Average,Average
12/1/2015 21:05:10,"Nadhamuni, villivakkam,chennai",Bad,Individual House,Bad,Pathetic
12/1/2015 21:05:11,anna salai,Average,Apartment,Bad,Average
12/1/2015 21:06:43,"Senthil nagar , kolathur ",Bad,Apartment,Average,Pathetic
12/1/2015 21:07:27,velacherry,Bad,Apartment,Bad,Pathetic
12/1/2015 21:08:59,Perambur,Average,Individual House,Average,Pathetic
12/1/2015 21:09:40,Villivakkam,Average,Individual House,Average,Pathetic
12/1/2015 21:09:50,Royapettah,Not at All,Apartment,Not al All,Pathetic
12/1/2015 21:10:24,Aynavaram,Bad,Individual House,Average,Pathetic
12/1/2015 21:12:15,MAC Nagar Kattupakkam,Bad,Apartment,Bad,Pathetic
12/1/2015 21:13:29,Vepery,Bad,Apartment,Bad,Pathetic
12/1/2015 21:14:56,kolathur,Average,Individual House,Not al All,Pathetic
12/1/2015 21:27:10,Nanganalur,Bad,Apartment,Bad,Average
12/1/2015 21:30:25,Keelkattalai,Bad,Individual House,Average,Average
12/1/2015 21:35:42,Kilpauk,Average,Apartment,Average,Average
12/1/2015 21:36:09,adyar,Bad,Apartment,Average,Pathetic
12/1/2015 21:46:58,Ayanavaram,Bad,Individual House,Average,Pathetic
12/1/2015 21:47:08,Ayanavaram,Average,Apartment,Not al All,Average
12/1/2015 21:47:40,Ponneri Smart City,Not at All,Individual House,Not al All,Pathetic
12/1/2015 21:48:44,sriperumbudur,Average,Individual House,Not al All,Average
12/1/2015 21:49:15,Chinmaya nagar,Average,Apartment,Bad,Pathetic
12/1/2015 21:51:26,Mogappair,Average,Apartment,Average,Pathetic
12/1/2015 21:52:26,K.K.nagar,Bad,Individual House,Average,Pathetic
12/1/2015 21:52:33,K.K.nagar,Bad,Individual House,Average,Pathetic
12/1/2015 21:55:19,Mugappair ,Average,Apartment,Average,Average
12/1/2015 21:55:54,Mogappair ,Average,Apartment,Average,Average
12/1/2015 21:57:46,Nanganallur ,Bad,Individual House,Bad,Average
12/1/2015 22:01:46,Ayanabakkam,Bad,Individual House,Bad,Pathetic
12/1/2015 22:01:53,Puzhuthivakkam,Bad,Apartment,Average,Good
12/1/2015 22:02:02,Konrajankuppam,Bad,Individual House,Bad,Pathetic
12/1/2015 22:02:30,"Konrajankuppam, near koladi",Bad,Individual House,Bad,Pathetic
12/1/2015 22:02:35,"Konrajankuppam, near koladi",Bad,Individual House,Bad,Pathetic
12/1/2015 22:02:52,"Konrajankuppam, near ambattur",Bad,Individual House,Bad,Pathetic
12/1/2015 22:02:47,"Konrajankuppam, near ambattur",Bad,Individual House,Bad,Pathetic
12/1/2015 22:03:00,"Konrajankuppam, near ambattur",Bad,Individual House,Bad,Pathetic
12/1/2015 22:03:06,"Konrajankuppam, near ambattur",Bad,Individual House,Bad,Pathetic
12/1/2015 22:03:11,"Konrajankuppam, near ambattur",Bad,Individual House,Bad,Pathetic
12/1/2015 22:03:16,"Konrajankuppam, near ambattur",Bad,Individual House,Bad,Pathetic
12/1/2015 22:04:51,Ashok nagar ,Bad,Apartment,Bad,Pathetic
12/1/2015 22:09:05,Jawahar Nagar perambur,Bad,Individual House,Average,Pathetic
12/1/2015 22:11:45,otteri ,Average,Individual House,Not al All,Average
12/1/2015 22:12:13,kottur,Average,Individual House,Average,Average
12/1/2015 22:14:55,Pallavaram ,Average,Apartment,Bad,Average
12/1/2015 22:16:45,Shyamala,Average,Apartment,Average,Average
12/1/2015 22:17:14,Puraswallkam,Average,Apartment,Average,Pathetic
12/1/2015 22:19:24,Hanuman colony,Average,Individual House,Average,Average
12/1/2015 22:36:04,shozhinganallur,Bad,Apartment,Average,Average
12/1/2015 22:41:40,Gopalapuram,Average,Individual House,Average,Good
12/1/2015 22:42:26,VEPERY,Average,Apartment,Average,Pathetic
12/1/2015 22:45:10,ayanavaram,Average,Individual House,Average,Pathetic
12/1/2015 22:45:22,ayanavaram,Average,Individual House,Average,Pathetic
12/1/2015 22:46:45,Korukkupet ,Bad,Apartment,Average,Pathetic
12/1/2015 22:48:39,k.k.nagar,Average,Apartment,Average,Pathetic
12/1/2015 22:53:40,pudupet,Bad,Apartment,Bad,Pathetic
12/1/2015 22:55:04,Madipakkam,Bad,Apartment,Average,Average
12/1/2015 22:57:15,royapuram,Average,Individual House,Average,Average
12/1/2015 22:59:25,"XS Real, Padur",Average,Apartment,Average,Pathetic
12/1/2015 23:06:18,madhavaram,Bad,Apartment,Bad,Pathetic
12/1/2015 23:16:18,triplicane,Average,Individual House,Average,Average
12/1/2015 23:17:50,"Giri Road, T Nagar",Bad,Apartment,Average,Pathetic
12/1/2015 23:17:59,Choolaimedu,Average,Apartment,Average,Average
12/1/2015 23:18:35,"Indira nagar, Adyar",Average,Apartment,Not al All,Pathetic
12/1/2015 23:23:00,Egmore,Average,Apartment,Not al All,Pathetic
12/1/2015 23:24:58,collector nagar ,Bad,Apartment,Average,Pathetic
12/1/2015 23:26:21,Broadway ,Average,Apartment,Not al All,Pathetic
12/1/2015 23:26:33,Broadway ,Average,Apartment,Not al All,Pathetic
12/1/2015 23:28:36,choolaimedu,Bad,Individual House,Average,Pathetic
12/1/2015 23:28:43,choolaimedu,Bad,Individual House,Average,Pathetic
12/1/2015 23:34:21,Kolathur,Bad,Apartment,Bad,Pathetic
12/1/2015 23:42:30,Egmore,Average,Apartment,Bad,Pathetic
12/1/2015 23:50:01,Medavakkam,Bad,Apartment,Bad,Pathetic
12/1/2015 23:56:00,T.nagar ,Bad,Apartment,Average,Pathetic
12/1/2015 23:58:34,Villivakkam ,Average,Individual House,Average,Pathetic
12/2/2015 0:01:34,Kodambakkam,Average,Apartment,Bad,Good
12/2/2015 0:06:00,Thiruvanmiyur,Average,Apartment,Average,Average
12/2/2015 0:07:29,Manapakkam,Bad,Apartment,Average,Good
12/2/2015 0:08:31,Maduravoyal,Bad,Individual House,Bad,Pathetic
12/2/2015 0:12:35,"Chettinad Enclave, Pallikaranai",Bad,Individual House,Average,Pathetic
12/2/2015 0:13:25,Mogappair,Bad,Apartment,Bad,Pathetic
12/2/2015 0:33:54,"Cuddalore Chavadi,Kondur",Average,Individual House,Average,Pathetic
12/2/2015 0:58:21,Periamet,Average,Apartment,Not al All,Average
12/2/2015 1:02:08,Besant Nagar,Average,Apartment,Not al All,Good
12/2/2015 1:35:13,Thiruvanmiyur ,Average,Apartment,Average,Average
12/2/2015 1:39:48,Annanagar,Bad,Apartment,Average,Pathetic
12/2/2015 2:04:48,Parvathy Nagar Old Perangalathur,Bad,Apartment,Bad,Pathetic
12/2/2015 2:08:55,tripilicane,Bad,Individual House,Bad,Good
12/2/2015 2:16:10,TrustPuram-Kodambakkam,Average,Individual House,Not al All,Average
12/2/2015 2:33:57,puzhthivakkam,Bad,Individual House,Bad,Average
12/2/2015 2:41:29,OTTERI,Bad,Huts,Bad,Average
12/2/2015 2:56:26,Kesavardhini,Bad,Apartment,Bad,Pathetic
12/2/2015 3:26:09,Alwarthirunagar,Bad,Individual House,Bad,Pathetic
12/2/2015 3:37:34,Kalaimagal nagar,Average,Apartment,Average,Average
12/2/2015 3:47:00,Annanagar East,Average,Apartment,Not al All,Good
12/2/2015 4:31:52,Thirumullaivoyal,Not at All,Individual House,Not al All,Pathetic
12/2/2015 4:34:39,WEST K K NAGAR,Bad,Individual House,Bad,Pathetic
12/2/2015 5:10:48,Tambaram,Bad,Apartment,Bad,Pathetic
12/2/2015 5:39:01,Kondithope,Bad,Individual House,Average,Pathetic
12/2/2015 6:06:52,ThenAruvi Street Rajaji Nagar Villivakkam 600049,Average,Individual House,Average,Average
12/2/2015 6:58:57,K K Nagar,Bad,Apartment,Average,Average
12/2/2015 7:27:24,Anna nagar West,Bad,Individual House,Average,Pathetic
12/2/2015 7:31:09,korattur,Bad,Individual House,Bad,Pathetic
12/2/2015 7:41:57,Kolathur,Bad,Individual House,Average,Average
12/2/2015 7:46:53,"S kolathur,naranapuram prime rose appartment  pallaikaranai ",Bad,Apartment,Bad,Average
12/2/2015 8:22:22,west tambaram,Average,Apartment,Not al All,Pathetic
12/2/2015 8:24:14,Chinmaya Nagar,Average,Apartment,Average,Pathetic
12/2/2015 8:44:51,"Purasaiwalkkam, chennai",Bad,Individual House,Bad,Pathetic
12/2/2015 8:46:07,Villivakkam,Bad,Apartment,Not al All,Average
12/2/2015 8:54:57,Thayur,Bad,Apartment,Average,Pathetic
12/2/2015 8:58:06,Pallipattu Tharamani,Bad,Individual House,Bad,Pathetic
12/2/2015 9:31:28,PALAVAKKAM,Bad,Individual House,Bad,Pathetic
12/2/2015 9:39:59,Velachery,Bad,Apartment,Bad,Pathetic
12/2/2015 9:40:20,nungambakam railway station,Bad,Individual House,Bad,Pathetic
12/2/2015 10:04:37,Kolathur,Bad,Apartment,Bad,Pathetic
12/2/2015 10:06:21,Sholinganallur ,Bad,Apartment,Average,Pathetic
12/2/2015 10:55:21,nungambakkam lake atea,Average,Apartment,Average,Average
12/2/2015 10:57:50,KORATTUR,Bad,Individual House,Bad,Pathetic
12/2/2015 11:01:30,Sanatorium,Not at All,Apartment,Not al All,Average
12/2/2015 11:41:05,Villivakkam,Bad,Individual House,Bad,Average
12/2/2015 11:47:06,Pudur,Average,Individual House,Bad,Good
12/2/2015 12:12:26,Indian Institute of Technology,Bad,Apartment,Bad,Average
12/2/2015 12:30:26,ice house,Average,Apartment,Not al All,Good
12/2/2015 12:47:13,chromepet,Average,Individual House,Average,Average
12/2/2015 13:06:41,anna nagar,Average,Individual House,Bad,Pathetic
12/2/2015 13:40:04,Guduvanchery,Average,Apartment,Average,Average
12/2/2015 13:46:05,Anna nagar,Bad,Apartment,Average,Pathetic
12/2/2015 14:57:20,Nungambakkam ,Average,Individual House,Average,Average
12/2/2015 14:57:31,Kolathur,Bad,Individual House,Average,Pathetic
12/2/2015 16:40:59,kavaraipettai,Bad,Huts,Average,Pathetic
12/2/2015 16:45:33,Koyambedu,Bad,Individual House,Average,Average
12/2/2015 17:39:24,Kamarajpuram ( Sembakkam),Bad,Apartment,Bad,Pathetic
12/2/2015 18:57:09,Choolaimedu High Road,Not at All,Apartment,Not al All,Average
12/2/2015 19:19:14,AnnaNagar ,Bad,Individual House,Bad,Pathetic
12/2/2015 19:20:25,Mylapore ,Average,Individual House,Not al All,Pathetic
12/2/2015 19:42:59,Santhoshapuram,Average,Individual House,Average,Pathetic
12/2/2015 19:58:27,Velachery Vijayanagar,Bad,Apartment,Average,Pathetic
12/2/2015 21:39:12,Pammal,Average,Apartment,Average,Average
12/2/2015 23:07:03,Nungambakam ,Average,Apartment,Average,Pathetic
12/2/2015 23:36:54,Ayanavaram ,Not at All,Apartment,Average,Average
12/3/2015 0:21:40,mugappair,Average,Individual House,Not al All,Average
12/3/2015 1:00:32,Urappakam,Bad,Apartment,Bad,Pathetic
12/3/2015 2:28:47,Seven wells,Average,Individual House,Bad,Pathetic
12/3/2015 2:44:05,perambur ,Average,Individual House,Average,Average
12/3/2015 7:57:29,Shollinganallur ,Bad,Apartment,Bad,Average
12/3/2015 7:58:39,Thiruvattriyur,Bad,Individual House,Bad,Pathetic
12/3/2015 12:04:50,Old washermenpet,Average,Apartment,Average,Pathetic
12/3/2015 12:09:59,Urappakkam  pincode - 603211 ,Bad,Individual House,Average,Average
12/3/2015 14:15:59,Minjur,Bad,Individual House,Bad,Pathetic
12/4/2015 11:37:01,Korukkupet,Bad,Individual House,Bad,Average